[
    {
        "query": "Looking for a lightweight travel backpack under $100",
        "recommendations": [
            {
                "description": "Expand your PS4 gaming experience, Play anywhere Fast and easy, setup Sleek design with high capacity, 3-year manufacturer's limited warranty",
                "price": 114.0,
                "rate": 4.8,
                "review_count": 400.0,
                "title": "WD 4TB Gaming Drive Works with Playstation 4 Portable External Hard Drive"
            },
            {
                "description": "3D NAND flash are applied to deliver high transfer speeds Remarkable transfer speeds that enable faster bootup and improved overall system performance. The advanced SLC Cache Technology allows performance boost and longer lifespan 7mm slim design suitable for Ultrabooks and Ultra-slim notebooks. Supports TRIM command, Garbage Collection technology, RAID, and ECC (Error Checking & Correction) to provide the optimized performance and enhanced reliability.",
                "price": 109.0,
                "rate": 4.8,
                "review_count": 319.0,
                "title": "Silicon Power 256GB SSD 3D NAND A55 SLC Cache Performance Boost SATA III 2.5"
            },
            {
                "description": "great outerwear jackets for Spring/Autumn/Winter, suitable for many occasions, such as working, hiking, camping, mountain/rock climbing, cycling, traveling or other outdoors. Good gift choice for you or your family member. A warm hearted love to Father, husband or son in this thanksgiving or Christmas Day.",
                "price": 55.99,
                "rate": 4.7,
                "review_count": 500.0,
                "title": "Mens Cotton Jacket"
            },
            {
                "description": "95% RAYON 5% SPANDEX, Made in USA or Imported, Do Not Bleach, Lightweight fabric with great stretch for comfort, Ribbed on sleeves and neckline / Double stitching on bottom hem",
                "price": 9.85,
                "rate": 4.7,
                "review_count": 130.0,
                "title": "MBJ Women's Solid Short Sleeve Boat Neck V "
            },
            {
                "description": "From our Legends Collection, the Naga was inspired by the mythical water dragon that protects the ocean's pearl. Wear facing inward to be bestowed with love and abundance, or outward for protection.",
                "price": 695.0,
                "rate": 4.6,
                "review_count": 400.0,
                "title": "John Hardy Women's Legends Naga Gold & Silver Dragon Station Chain Bracelet"
            }
        ]
    },
    {
        "query": "Find me a pair of noise-canceling headphones",
        "recommendations": [
            {
                "description": "Expand your PS4 gaming experience, Play anywhere Fast and easy, setup Sleek design with high capacity, 3-year manufacturer's limited warranty",
                "price": 114.0,
                "rate": 4.8,
                "review_count": 400.0,
                "title": "WD 4TB Gaming Drive Works with Playstation 4 Portable External Hard Drive"
            },
            {
                "description": "3D NAND flash are applied to deliver high transfer speeds Remarkable transfer speeds that enable faster bootup and improved overall system performance. The advanced SLC Cache Technology allows performance boost and longer lifespan 7mm slim design suitable for Ultrabooks and Ultra-slim notebooks. Supports TRIM command, Garbage Collection technology, RAID, and ECC (Error Checking & Correction) to provide the optimized performance and enhanced reliability.",
                "price": 109.0,
                "rate": 4.8,
                "review_count": 319.0,
                "title": "Silicon Power 256GB SSD 3D NAND A55 SLC Cache Performance Boost SATA III 2.5"
            },
            {
                "description": "great outerwear jackets for Spring/Autumn/Winter, suitable for many occasions, such as working, hiking, camping, mountain/rock climbing, cycling, traveling or other outdoors. Good gift choice for you or your family member. A warm hearted love to Father, husband or son in this thanksgiving or Christmas Day.",
                "price": 55.99,
                "rate": 4.7,
                "review_count": 500.0,
                "title": "Mens Cotton Jacket"
            },
            {
                "description": "95% RAYON 5% SPANDEX, Made in USA or Imported, Do Not Bleach, Lightweight fabric with great stretch for comfort, Ribbed on sleeves and neckline / Double stitching on bottom hem",
                "price": 9.85,
                "rate": 4.7,
                "review_count": 130.0,
                "title": "MBJ Women's Solid Short Sleeve Boat Neck V "
            },
            {
                "description": "From our Legends Collection, the Naga was inspired by the mythical water dragon that protects the ocean's pearl. Wear facing inward to be bestowed with love and abundance, or outward for protection.",
                "price": 695.0,
                "rate": 4.6,
                "review_count": 400.0,
                "title": "John Hardy Women's Legends Naga Gold & Silver Dragon Station Chain Bracelet"
            }
        ]
    },
    {
        "query": "Find me a pair of noise-canceling headphones",
        "recommendations": [
            {
                "description": "Expand your PS4 gaming experience, Play anywhere Fast and easy, setup Sleek design with high capacity, 3-year manufacturer's limited warranty",
                "price": 114.0,
                "rate": 4.8,
                "review_count": 400.0,
                "title": "WD 4TB Gaming Drive Works with Playstation 4 Portable External Hard Drive"
            },
            {
                "description": "3D NAND flash are applied to deliver high transfer speeds Remarkable transfer speeds that enable faster bootup and improved overall system performance. The advanced SLC Cache Technology allows performance boost and longer lifespan 7mm slim design suitable for Ultrabooks and Ultra-slim notebooks. Supports TRIM command, Garbage Collection technology, RAID, and ECC (Error Checking & Correction) to provide the optimized performance and enhanced reliability.",
                "price": 109.0,
                "rate": 4.8,
                "review_count": 319.0,
                "title": "Silicon Power 256GB SSD 3D NAND A55 SLC Cache Performance Boost SATA III 2.5"
            },
            {
                "description": "great outerwear jackets for Spring/Autumn/Winter, suitable for many occasions, such as working, hiking, camping, mountain/rock climbing, cycling, traveling or other outdoors. Good gift choice for you or your family member. A warm hearted love to Father, husband or son in this thanksgiving or Christmas Day.",
                "price": 55.99,
                "rate": 4.7,
                "review_count": 500.0,
                "title": "Mens Cotton Jacket"
            },
            {
                "description": "95% RAYON 5% SPANDEX, Made in USA or Imported, Do Not Bleach, Lightweight fabric with great stretch for comfort, Ribbed on sleeves and neckline / Double stitching on bottom hem",
                "price": 9.85,
                "rate": 4.7,
                "review_count": 130.0,
                "title": "MBJ Women's Solid Short Sleeve Boat Neck V "
            },
            {
                "description": "From our Legends Collection, the Naga was inspired by the mythical water dragon that protects the ocean's pearl. Wear facing inward to be bestowed with love and abundance, or outward for protection.",
                "price": 695.0,
                "rate": 4.6,
                "review_count": 400.0,
                "title": "John Hardy Women's Legends Naga Gold & Silver Dragon Station Chain Bracelet"
            }
        ]
    },
    {
        "query": "Find me a pair of noise-canceling headphones",
        "recommendations": [
            {
                "description": "Expand your PS4 gaming experience, Play anywhere Fast and easy, setup Sleek design with high capacity, 3-year manufacturer's limited warranty",
                "price": 114.0,
                "rate": 4.8,
                "review_count": 400.0,
                "title": "WD 4TB Gaming Drive Works with Playstation 4 Portable External Hard Drive"
            },
            {
                "description": "3D NAND flash are applied to deliver high transfer speeds Remarkable transfer speeds that enable faster bootup and improved overall system performance. The advanced SLC Cache Technology allows performance boost and longer lifespan 7mm slim design suitable for Ultrabooks and Ultra-slim notebooks. Supports TRIM command, Garbage Collection technology, RAID, and ECC (Error Checking & Correction) to provide the optimized performance and enhanced reliability.",
                "price": 109.0,
                "rate": 4.8,
                "review_count": 319.0,
                "title": "Silicon Power 256GB SSD 3D NAND A55 SLC Cache Performance Boost SATA III 2.5"
            },
            {
                "description": "great outerwear jackets for Spring/Autumn/Winter, suitable for many occasions, such as working, hiking, camping, mountain/rock climbing, cycling, traveling or other outdoors. Good gift choice for you or your family member. A warm hearted love to Father, husband or son in this thanksgiving or Christmas Day.",
                "price": 55.99,
                "rate": 4.7,
                "review_count": 500.0,
                "title": "Mens Cotton Jacket"
            },
            {
                "description": "95% RAYON 5% SPANDEX, Made in USA or Imported, Do Not Bleach, Lightweight fabric with great stretch for comfort, Ribbed on sleeves and neckline / Double stitching on bottom hem",
                "price": 9.85,
                "rate": 4.7,
                "review_count": 130.0,
                "title": "MBJ Women's Solid Short Sleeve Boat Neck V "
            },
            {
                "description": "From our Legends Collection, the Naga was inspired by the mythical water dragon that protects the ocean's pearl. Wear facing inward to be bestowed with love and abundance, or outward for protection.",
                "price": 695.0,
                "rate": 4.6,
                "review_count": 400.0,
                "title": "John Hardy Women's Legends Naga Gold & Silver Dragon Station Chain Bracelet"
            }
        ]
    },
    {
        "query": "Just looking for something cool",
        "recommendations": [
            {
                "description": "Expand your PS4 gaming experience, Play anywhere Fast and easy, setup Sleek design with high capacity, 3-year manufacturer's limited warranty",
                "price": 114.0,
                "rate": 4.8,
                "review_count": 400.0,
                "title": "WD 4TB Gaming Drive Works with Playstation 4 Portable External Hard Drive"
            },
            {
                "description": "3D NAND flash are applied to deliver high transfer speeds Remarkable transfer speeds that enable faster bootup and improved overall system performance. The advanced SLC Cache Technology allows performance boost and longer lifespan 7mm slim design suitable for Ultrabooks and Ultra-slim notebooks. Supports TRIM command, Garbage Collection technology, RAID, and ECC (Error Checking & Correction) to provide the optimized performance and enhanced reliability.",
                "price": 109.0,
                "rate": 4.8,
                "review_count": 319.0,
                "title": "Silicon Power 256GB SSD 3D NAND A55 SLC Cache Performance Boost SATA III 2.5"
            },
            {
                "description": "great outerwear jackets for Spring/Autumn/Winter, suitable for many occasions, such as working, hiking, camping, mountain/rock climbing, cycling, traveling or other outdoors. Good gift choice for you or your family member. A warm hearted love to Father, husband or son in this thanksgiving or Christmas Day.",
                "price": 55.99,
                "rate": 4.7,
                "review_count": 500.0,
                "title": "Mens Cotton Jacket"
            },
            {
                "description": "95% RAYON 5% SPANDEX, Made in USA or Imported, Do Not Bleach, Lightweight fabric with great stretch for comfort, Ribbed on sleeves and neckline / Double stitching on bottom hem",
                "price": 9.85,
                "rate": 4.7,
                "review_count": 130.0,
                "title": "MBJ Women's Solid Short Sleeve Boat Neck V "
            },
            {
                "description": "From our Legends Collection, the Naga was inspired by the mythical water dragon that protects the ocean's pearl. Wear facing inward to be bestowed with love and abundance, or outward for protection.",
                "price": 695.0,
                "rate": 4.6,
                "review_count": 400.0,
                "title": "John Hardy Women's Legends Naga Gold & Silver Dragon Station Chain Bracelet"
            }
        ]
    },
    {
        "query": "I need a laptop",
        "recommendations": [
            {
                "description": "Expand your PS4 gaming experience, Play anywhere Fast and easy, setup Sleek design with high capacity, 3-year manufacturer's limited warranty",
                "price": 114.0,
                "rate": 4.8,
                "review_count": 400.0,
                "title": "WD 4TB Gaming Drive Works with Playstation 4 Portable External Hard Drive"
            },
            {
                "description": "3D NAND flash are applied to deliver high transfer speeds Remarkable transfer speeds that enable faster bootup and improved overall system performance. The advanced SLC Cache Technology allows performance boost and longer lifespan 7mm slim design suitable for Ultrabooks and Ultra-slim notebooks. Supports TRIM command, Garbage Collection technology, RAID, and ECC (Error Checking & Correction) to provide the optimized performance and enhanced reliability.",
                "price": 109.0,
                "rate": 4.8,
                "review_count": 319.0,
                "title": "Silicon Power 256GB SSD 3D NAND A55 SLC Cache Performance Boost SATA III 2.5"
            },
            {
                "description": "great outerwear jackets for Spring/Autumn/Winter, suitable for many occasions, such as working, hiking, camping, mountain/rock climbing, cycling, traveling or other outdoors. Good gift choice for you or your family member. A warm hearted love to Father, husband or son in this thanksgiving or Christmas Day.",
                "price": 55.99,
                "rate": 4.7,
                "review_count": 500.0,
                "title": "Mens Cotton Jacket"
            },
            {
                "description": "95% RAYON 5% SPANDEX, Made in USA or Imported, Do Not Bleach, Lightweight fabric with great stretch for comfort, Ribbed on sleeves and neckline / Double stitching on bottom hem",
                "price": 9.85,
                "rate": 4.7,
                "review_count": 130.0,
                "title": "MBJ Women's Solid Short Sleeve Boat Neck V "
            },
            {
                "description": "From our Legends Collection, the Naga was inspired by the mythical water dragon that protects the ocean's pearl. Wear facing inward to be bestowed with love and abundance, or outward for protection.",
                "price": 695.0,
                "rate": 4.6,
                "review_count": 400.0,
                "title": "John Hardy Women's Legends Naga Gold & Silver Dragon Station Chain Bracelet"
            }
        ]
    }
]